City_ID,City,Country,Date,Lat,Lng,Max Temp,Humidity,Cloudiness,Wind Speed
0,Saldanha,ZA,2021-08-04 15:19:53,-33.0117,17.9442,59.38,87,4,13.8
1,Busselton,AU,2021-08-04 15:19:30,-33.65,115.3333,47.05,89,1,6.85
2,Asyut,EG,2021-08-04 15:19:54,27.181,31.1837,111.38,8,3,10.25
3,Ixtapa,MX,2021-08-04 15:19:54,20.7,-105.2,83.23,78,75,0.0
4,Shingu,JP,2021-08-04 15:19:54,33.7333,135.9833,80.91,90,1,3.47
5,Ushuaia,AR,2021-08-04 15:19:33,-54.8,-68.3,55.06,41,75,18.41
6,Upernavik,GL,2021-08-04 15:19:55,72.7868,-56.1549,44.74,80,25,6.78
7,Cherskiy,RU,2021-08-04 15:19:55,68.75,161.3,41.13,89,100,5.57
8,Mataura,NZ,2021-08-04 15:19:56,-46.1927,168.8643,34.48,90,100,2.48
9,Katsuura,JP,2021-08-04 15:19:56,35.1333,140.3,78.91,86,11,2.13
10,Saint-Philippe,RE,2021-08-04 15:19:56,-21.3585,55.7679,69.39,79,98,17.9
11,Nikolskoye,RU,2021-08-04 15:19:31,59.7035,30.7861,66.4,49,95,5.23
12,Atuona,PF,2021-08-04 15:19:23,-9.8,-139.0333,77.86,67,100,14.18
13,Mpika,ZM,2021-08-04 15:19:57,-11.8343,31.4529,69.49,28,0,9.89
14,Bluff,NZ,2021-08-04 15:19:57,-46.6,168.3333,34.81,79,100,5.99
15,Vaini,TO,2021-08-04 15:19:58,-21.2,-175.2,62.76,88,20,4.61
16,Bredasdorp,ZA,2021-08-04 15:19:58,-34.5322,20.0403,61.29,84,57,6.53
17,Ponta Do Sol,PT,2021-08-04 15:19:58,32.6667,-17.1,81.72,69,14,2.75
18,Rikitea,PF,2021-08-04 15:19:32,-23.1203,-134.9692,71.42,67,20,14.12
19,Kruisfontein,ZA,2021-08-04 15:19:59,-34.0033,24.7314,59.88,81,98,4.94
20,Thompson,CA,2021-08-04 15:20:00,55.7435,-97.8558,59.16,77,90,17.27
21,Pangnirtung,CA,2021-08-04 15:20:00,66.1451,-65.7125,53.6,76,90,18.41
22,Aklavik,CA,2021-08-04 15:20:00,68.2191,-135.0107,54.43,76,20,4.61
23,Arraial Do Cabo,BR,2021-08-04 15:20:01,-22.9661,-42.0278,73.26,64,40,16.11
24,Guayaquil,EC,2021-08-04 15:16:44,-2.1667,-79.9,76.96,76,75,8.05
25,Acapulco,MX,2021-08-04 15:20:01,16.8634,-99.8901,75.02,100,90,8.05
26,Lagoa,PT,2021-08-04 15:20:02,39.05,-27.9833,72.68,87,1,11.79
27,Weilheim,DE,2021-08-04 15:20:03,47.8333,11.15,63.12,95,100,2.44
28,New Norfolk,AU,2021-08-04 15:20:04,-42.7826,147.0587,47.91,68,100,1.99
29,Batemans Bay,AU,2021-08-04 15:20:06,-35.7167,150.1833,53.91,55,48,9.78
30,Kodiak,US,2021-08-04 15:20:08,57.79,-152.4072,47.71,93,40,3.44
31,San Cristobal,VE,2021-08-04 15:20:09,7.7669,-72.225,75.38,81,100,5.99
32,Bathsheba,BB,2021-08-04 15:20:10,13.2167,-59.5167,86.61,70,40,17.27
33,Saint Anthony,US,2021-08-04 15:20:11,45.0205,-93.218,78.87,59,1,3.0
34,Bilibino,RU,2021-08-04 15:20:12,68.0546,166.4372,38.1,92,100,4.63
35,Barrow,US,2021-08-04 15:20:01,71.2906,-156.7887,42.82,74,75,8.05
36,Tuktoyaktuk,CA,2021-08-04 15:20:12,69.4541,-133.0374,50.0,76,75,11.5
37,Sao Filipe,CV,2021-08-04 15:20:13,14.8961,-24.4956,78.98,85,88,12.68
38,Tual,ID,2021-08-04 15:20:13,-5.6667,132.75,80.82,76,100,19.19
39,Tasiilaq,GL,2021-08-04 15:20:14,65.6145,-37.6368,51.96,75,95,1.34
40,Faanui,PF,2021-08-04 15:20:15,-16.4833,-151.75,78.93,75,55,11.48
41,Hobart,AU,2021-08-04 15:16:11,-42.8794,147.3294,48.25,68,40,1.01
42,Longyearbyen,SJ,2021-08-04 15:20:16,78.2186,15.6401,46.24,71,75,17.27
43,Santa Maria,BR,2021-08-04 15:16:37,-29.6842,-53.8069,62.15,64,97,7.99
44,Kavieng,PG,2021-08-04 15:20:16,-2.5744,150.7967,81.07,75,34,3.47
45,La Palma,US,2021-08-04 15:20:17,33.8464,-118.0467,88.36,80,1,1.01
46,Jamestown,US,2021-08-04 15:19:26,42.097,-79.2353,75.29,64,1,5.75
47,Lebu,CL,2021-08-04 15:20:18,-37.6167,-73.65,58.53,65,57,8.7
48,Andujar,ES,2021-08-04 15:20:19,38.0392,-4.0508,93.7,16,27,9.35
49,Castro,BR,2021-08-04 15:11:06,-24.7911,-50.0119,57.7,57,2,8.68
50,Chokurdakh,RU,2021-08-04 15:20:20,70.6333,147.9167,36.19,86,85,10.47
51,Albany,US,2021-08-04 15:07:39,42.6001,-73.9662,73.27,67,100,2.62
52,Ntungamo,UG,2021-08-04 15:20:21,-0.8833,29.65,81.55,40,70,0.92
53,Yerbogachen,RU,2021-08-04 15:20:22,61.2767,108.0108,63.16,69,94,5.19
54,Yellowknife,CA,2021-08-04 15:17:09,62.456,-114.3525,52.32,62,90,3.44
55,Husavik,IS,2021-08-04 15:20:22,66.0449,-17.3389,57.11,72,68,6.73
56,Koslan,RU,2021-08-04 15:20:23,63.4564,48.8989,67.08,57,69,9.26
57,Provideniya,RU,2021-08-04 15:20:24,64.3833,-173.3,50.2,89,100,20.42
58,Nanortalik,GL,2021-08-04 15:20:25,60.1432,-45.2371,45.75,94,100,6.46
59,Makakilo City,US,2021-08-04 15:20:26,21.3469,-158.0858,77.32,71,1,8.05
60,Amuntai,ID,2021-08-04 15:20:26,-2.4177,115.2494,77.32,81,97,0.92
61,Te Anau,NZ,2021-08-04 15:20:26,-45.4167,167.7167,37.27,91,100,1.97
62,Saint George,US,2021-08-04 15:17:07,37.1041,-113.5841,88.39,27,1,3.0
63,Codrington,AU,2021-08-04 15:20:27,-38.2667,141.9667,49.87,90,23,12.19
64,Yambio,SS,2021-08-04 15:20:27,4.5721,28.3955,75.18,83,60,2.86
65,Cape Town,ZA,2021-08-04 15:17:11,-33.9258,18.4232,62.28,73,20,3.0
66,Ambulu,ID,2021-08-04 15:20:28,-8.345,113.6058,75.45,91,42,5.08
67,Moron,AR,2021-08-04 15:20:28,-34.6534,-58.6198,63.01,75,39,1.99
68,Cidreira,BR,2021-08-04 15:20:28,-30.1811,-50.2056,62.01,82,99,4.94
69,Cabo San Lucas,MX,2021-08-04 15:16:33,22.8909,-109.9124,88.52,70,75,5.99
70,Qujing,CN,2021-08-04 15:20:29,25.4833,103.7833,62.38,86,9,2.13
71,Bambous Virieux,MU,2021-08-04 15:20:30,-20.3428,57.7575,70.05,73,75,17.27
72,Seoul,KR,2021-08-04 15:17:47,37.5683,126.9778,80.11,88,0,1.14
73,Kirakira,SB,2021-08-04 15:20:31,-10.4544,161.9205,73.99,81,14,4.68
74,Port Hardy,CA,2021-08-04 15:20:31,50.6996,-127.4199,62.78,94,75,0.0
75,Mecca,SA,2021-08-04 15:20:31,21.4267,39.8261,100.74,27,81,14.7
76,Hualmay,PE,2021-08-04 15:20:32,-11.0964,-77.6139,65.43,80,61,5.64
77,Jabinyanah,TN,2021-08-04 15:20:32,35.035,10.9081,98.4,40,0,13.29
78,Broome,US,2021-08-04 15:20:32,42.2506,-75.833,75.16,79,1,1.01
79,Hilo,US,2021-08-04 15:20:33,19.7297,-155.09,69.8,91,90,6.91
80,Qaanaaq,GL,2021-08-04 15:20:33,77.484,-69.3632,43.92,76,89,4.59
81,Luderitz,NA,2021-08-04 15:20:33,-26.6481,15.1594,59.68,78,3,3.58
82,Cockburn Town,TC,2021-08-04 15:20:34,21.4612,-71.1419,82.38,76,25,19.17
83,Puerto Ayora,EC,2021-08-04 15:20:34,-0.7393,-90.3518,75.16,77,28,11.81
84,Saint-Georges,GD,2021-08-04 15:20:21,12.0564,-61.7485,85.68,70,40,2.3
85,Gilgit,PK,2021-08-04 15:20:35,35.9221,74.3087,77.32,61,62,9.42
86,Punta Arenas,CL,2021-08-04 15:20:35,-53.15,-70.9167,48.31,61,0,13.8
87,Hasaki,JP,2021-08-04 15:20:36,35.7333,140.8333,75.49,89,0,3.83
88,Christchurch,NZ,2021-08-04 15:15:47,-43.5333,172.6333,48.0,80,100,7.0
89,Gamba,GA,2021-08-04 15:20:37,-2.65,10.0,79.25,70,98,9.8
90,Vicuna,CL,2021-08-04 15:20:37,-30.0319,-70.7081,51.53,9,0,4.25
91,Eresos,GR,2021-08-04 15:20:37,39.1667,25.9333,96.31,58,0,4.85
92,Yeppoon,AU,2021-08-04 15:20:38,-23.1333,150.7333,47.98,46,1,11.56
93,Mlonggo,ID,2021-08-04 15:20:38,-6.5333,110.7,78.46,86,8,7.36
94,Inhambane,MZ,2021-08-04 15:20:39,-23.865,35.3833,69.78,60,20,9.04
95,Pisco,PE,2021-08-04 15:20:39,-13.7,-76.2167,63.01,82,90,6.91
96,Nemuro,JP,2021-08-04 15:20:40,43.3236,145.575,66.99,98,99,6.08
97,Cayenne,GF,2021-08-04 15:20:40,4.9333,-52.3333,88.09,71,90,1.99
98,Avarua,CK,2021-08-04 15:20:41,-21.2078,-159.775,73.45,68,75,10.36
99,Zhigansk,RU,2021-08-04 15:20:41,66.7697,123.3711,62.46,50,16,8.32
100,Prabumulih,ID,2021-08-04 15:20:41,-3.45,104.25,78.58,75,92,2.44
101,Liverpool,GB,2021-08-04 15:17:23,53.4106,-2.9779,74.89,67,40,1.99
102,Tabou,CI,2021-08-04 15:20:42,4.423,-7.3528,79.29,78,91,11.43
103,Kushiro,JP,2021-08-04 15:20:42,42.975,144.3747,68.58,98,71,2.8
104,Bethel,US,2021-08-04 15:19:33,41.3712,-73.414,73.11,78,1,4.61
105,Bubaque,GW,2021-08-04 15:15:46,11.2833,-15.8333,79.47,79,100,6.22
106,Phalaborwa,ZA,2021-08-04 15:20:43,-23.943,31.1411,81.68,28,0,5.39
107,Beloha,MG,2021-08-04 15:20:43,-25.1667,45.05,66.72,72,0,15.28
108,Salalah,OM,2021-08-04 15:20:43,17.0151,54.0924,80.69,89,90,8.05
109,Pevek,RU,2021-08-04 15:20:44,69.7008,170.3133,38.28,94,100,4.27
110,Hermanus,ZA,2021-08-04 15:20:44,-34.4187,19.2345,64.9,83,31,9.8
111,Inuvik,CA,2021-08-04 15:20:44,68.3499,-133.7218,54.46,58,1,5.75
112,Port Alfred,ZA,2021-08-04 15:20:45,-33.5906,26.891,64.87,83,21,16.15
113,Palmares Do Sul,BR,2021-08-04 15:20:45,-30.2578,-50.5097,63.18,78,100,2.04
114,Khatanga,RU,2021-08-04 15:20:46,71.9667,102.5,68.94,43,99,15.26
115,Timra,SE,2021-08-04 15:20:46,62.487,17.3257,67.71,55,0,14.97
116,Solnechnyy,RU,2021-08-04 15:20:46,50.7214,136.6319,53.74,98,100,5.08
117,Beringovskiy,RU,2021-08-04 15:20:47,63.05,179.3167,46.98,99,100,14.65
118,Samarai,PG,2021-08-04 15:20:47,-10.6167,150.6667,77.77,84,53,12.68
119,Carnarvon,AU,2021-08-04 15:20:47,-24.8667,113.6333,51.87,38,0,9.22
120,Kapaa,US,2021-08-04 15:20:48,22.0752,-159.319,79.12,79,40,3.0
121,Voh,NC,2021-08-04 15:20:48,-20.9667,164.7,62.51,83,83,3.98
122,Olafsvik,IS,2021-08-04 15:20:48,64.8945,-23.7142,53.67,90,98,7.02
123,East London,ZA,2021-08-04 15:20:49,-33.0153,27.9116,65.34,82,0,9.22
124,Hithadhoo,MV,2021-08-04 15:19:26,-0.6,73.0833,81.99,77,100,8.63
125,Traverse City,US,2021-08-04 15:20:49,44.7631,-85.6206,77.83,64,90,9.22
126,Kindersley,CA,2021-08-04 15:17:26,51.4668,-109.1682,67.78,82,75,9.22
127,Ola,RU,2021-08-04 15:20:49,59.5833,151.2833,51.46,51,99,14.07
128,Georgetown,MY,2021-08-04 15:20:50,5.4112,100.3354,83.89,83,20,2.3
129,Narrabri,AU,2021-08-04 15:20:50,-30.3167,149.7833,43.79,88,61,5.97
130,Luanda,AO,2021-08-04 15:20:50,-8.8368,13.2343,77.0,73,20,12.66
131,Xining,CN,2021-08-04 15:20:51,36.6167,101.7667,59.49,66,81,6.08
132,Cap Malheureux,MU,2021-08-04 15:20:51,-19.9842,57.6142,70.29,75,19,5.99
133,Omama,JP,2021-08-04 15:20:52,36.4333,139.2833,81.84,78,11,2.51
134,Thinadhoo,MV,2021-08-04 15:20:52,0.5333,72.9333,82.56,75,100,6.4
135,Sao Jose Da Coroa Grande,BR,2021-08-04 15:20:52,-8.8978,-35.1478,75.49,84,90,11.14
136,King City,US,2021-08-04 15:20:53,36.2127,-121.126,56.28,33,0,4.59
137,Otradnoye,RU,2021-08-04 15:20:53,59.7775,30.8181,66.56,47,86,6.08
138,Barka Kana,IN,2021-08-04 15:20:53,23.6167,85.4833,80.44,86,100,4.59
139,Victoria,HK,2021-08-04 15:20:15,22.2855,114.1577,82.45,95,100,1.99
140,Hukuntsi,BW,2021-08-04 15:20:54,-24.0,21.75,77.38,16,0,5.86
141,Baoning,CN,2021-08-04 15:20:54,25.3378,110.026,80.46,89,20,2.24
142,Sitka,US,2021-08-04 15:20:55,57.0531,-135.33,62.49,77,90,8.05
143,Butaritari,KI,2021-08-04 15:20:55,3.0707,172.7902,82.58,66,95,11.97
144,Banjar,ID,2021-08-04 15:20:56,-8.19,114.9675,80.46,92,59,5.17
145,Gedo,ET,2021-08-04 15:16:15,9.0167,37.45,57.63,90,99,1.01
146,Zhangjiakou,CN,2021-08-04 15:20:56,40.81,114.8794,74.46,46,67,2.93
147,Lompoc,US,2021-08-04 15:20:57,34.6391,-120.4579,59.85,87,90,0.0
148,Shadrinsk,RU,2021-08-04 15:20:57,56.0852,63.6335,73.42,74,24,8.63
149,Tepalcatepec,MX,2021-08-04 15:20:57,19.1833,-102.85,76.17,87,90,1.88
150,Tiznit,MA,2021-08-04 15:20:58,29.5833,-9.5,82.15,43,0,10.47
151,Coquimbo,CL,2021-08-04 15:20:58,-29.9533,-71.3436,58.73,72,20,5.75
152,Mar Del Plata,AR,2021-08-04 15:20:59,-38.0023,-57.5575,59.88,61,0,7.0
153,Hamilton,US,2021-08-04 15:20:59,39.1834,-84.5333,78.75,57,40,4.0
154,Bowen,AU,2021-08-04 15:20:59,-20.0167,148.2333,61.18,71,7,8.37
155,Severo-Kurilsk,RU,2021-08-04 15:21:00,50.6789,156.125,51.06,77,100,13.76
156,Havoysund,NO,2021-08-04 15:21:00,70.9963,24.6622,50.88,85,100,17.74
157,Xinxiang,CN,2021-08-04 15:18:01,35.3089,113.8672,80.2,80,16,0.89
158,Vanavara,RU,2021-08-04 15:21:01,60.34,102.2797,64.65,60,91,4.47
159,Laguna,US,2021-08-04 15:19:33,38.421,-121.4238,81.45,72,1,4.0
160,Muzhi,RU,2021-08-04 15:21:01,65.3667,64.6667,70.9,62,99,11.27
161,Mareeba,AU,2021-08-04 15:21:02,-17.0,145.4333,61.52,89,15,2.51
162,Siauliai,LT,2021-08-04 15:21:02,55.9333,23.3167,60.82,77,90,13.8
163,Xunchang,CN,2021-08-04 15:21:03,28.4543,104.715,81.52,76,18,0.83
164,Misratah,LY,2021-08-04 15:21:03,32.3754,15.0925,93.83,45,0,12.84
165,Mankato,US,2021-08-04 15:18:50,44.1636,-93.9994,77.41,68,1,3.44
166,Talcahuano,CL,2021-08-04 15:21:03,-36.7167,-73.1167,49.68,100,90,9.22
167,Socoltenango,MX,2021-08-04 15:21:04,16.2167,-92.25,68.14,77,100,2.93
168,Natal,BR,2021-08-04 15:21:04,-5.795,-35.2094,86.65,62,75,14.97
169,Roma,US,2021-08-04 15:21:05,43.2128,-75.4557,76.84,66,100,1.68
170,Ribeira Grande,PT,2021-08-04 15:21:05,38.5167,-28.7,79.2,73,20,16.11
171,Luziania,BR,2021-08-04 15:16:15,-16.2525,-47.9503,81.99,27,65,8.05
172,Yumen,CN,2021-08-04 15:21:07,40.2833,97.2,79.54,11,0,10.0
173,Coruripe,BR,2021-08-04 15:21:07,-10.1256,-36.1756,77.99,67,29,14.5
174,Srandakan,ID,2021-08-04 15:21:08,-7.9386,110.2506,76.59,89,28,10.49
175,Chipata,ZM,2021-08-04 15:21:08,-13.6333,32.65,73.56,22,2,4.41
176,Tiksi,RU,2021-08-04 15:21:08,71.6872,128.8694,40.5,88,2,8.39
177,Nizhniy Odes,RU,2021-08-04 15:21:09,63.6445,54.856,70.14,66,32,3.51
178,Kaili,ID,2021-08-04 15:21:09,-3.4626,120.2147,66.22,79,100,3.04
179,Lavrentiya,RU,2021-08-04 15:21:09,65.5833,-171.0,51.39,80,100,12.86
180,Vestmanna,FO,2021-08-04 15:21:10,62.1564,-7.1664,56.32,88,90,5.75
181,Airai,TL,2021-08-04 15:21:10,-8.9266,125.4092,56.59,89,66,3.69
182,Olgina,EE,2021-08-04 15:21:10,59.3953,28.1253,63.25,52,66,5.79
183,Mae Hong Son,TH,2021-08-04 15:21:11,19.3003,97.9685,73.08,99,92,1.68
184,Annaberg-Buchholz,DE,2021-08-04 15:21:11,50.5795,13.0063,66.52,93,86,3.85
185,Eureka,US,2021-08-04 15:19:48,40.8021,-124.1637,52.41,77,51,1.23
186,Onguday,RU,2021-08-04 15:21:12,50.75,86.15,58.24,91,100,2.48
187,San Carlos,VE,2021-08-04 15:21:12,9.6612,-68.5827,76.78,87,89,5.01
188,Anadyr,RU,2021-08-04 15:21:13,64.75,177.4833,45.1,100,90,2.24
189,Hastings,GB,2021-08-04 15:21:13,50.8552,0.5729,74.34,65,36,4.14
190,Hofn,IS,2021-08-04 15:21:13,64.2539,-15.2082,53.62,94,90,6.91
191,Bonfim,BR,2021-08-04 15:21:14,3.0833,-59.95,80.94,73,92,7.61
192,Dingle,PH,2021-08-04 15:21:14,10.9995,122.6711,78.89,88,77,8.95
193,Skeldon,GY,2021-08-04 15:21:15,5.8833,-57.1333,86.72,59,0,2.57
194,Mpulungu,ZM,2021-08-04 15:21:15,-8.7623,31.1141,80.71,44,37,4.88
195,Tarakan,ID,2021-08-04 15:21:15,3.3,117.6333,82.36,78,88,6.78
196,Guerrero Negro,MX,2021-08-04 15:21:16,27.9769,-114.0611,73.62,71,4,5.99
197,Oistins,BB,2021-08-04 15:21:17,13.0667,-59.5333,86.09,70,40,17.27
198,Norman Wells,CA,2021-08-04 15:21:17,65.282,-126.8329,51.84,76,75,6.91
199,Bolton,GB,2021-08-04 15:21:18,53.5833,-2.4333,73.99,56,56,4.34
200,Plastun,RU,2021-08-04 15:21:18,44.7561,136.2939,69.4,96,100,3.65
201,Sao Joao Da Barra,BR,2021-08-04 15:21:18,-21.6403,-41.0511,75.29,60,32,14.23
202,Leshukonskoye,RU,2021-08-04 15:21:19,64.8989,45.7622,65.07,52,49,10.78
203,Nanyang,CN,2021-08-04 15:21:19,32.9947,112.5328,79.74,72,11,4.61
204,Esperance,AU,2021-08-04 15:21:20,-33.8667,121.9,46.24,80,0,3.36
205,Qaqortoq,GL,2021-08-04 15:21:20,60.7167,-46.0333,50.5,94,100,5.26
206,El Progreso,HN,2021-08-04 15:20:34,15.4,-87.8,83.68,74,75,2.3
207,Touros,BR,2021-08-04 15:21:21,-5.1989,-35.4608,86.9,58,74,18.57
208,Dikson,RU,2021-08-04 15:19:19,73.5069,80.5464,47.53,86,46,3.85
209,Kerchevskiy,RU,2021-08-04 15:21:22,59.946,56.2884,71.74,82,51,5.86
210,Agirish,RU,2021-08-04 15:21:22,61.9247,63.0231,73.0,63,41,5.79
211,Betioky,MG,2021-08-04 15:21:23,-23.7167,44.3833,77.25,31,9,5.79
212,Carson City,US,2021-08-04 15:21:23,39.1638,-119.7674,84.87,35,1,0.0
213,Amahai,ID,2021-08-04 15:21:05,-3.3333,128.9167,75.9,88,98,3.13
214,Cucaita,CO,2021-08-04 15:21:24,5.5437,-73.4543,52.5,82,100,4.92
215,Shiringushi,RU,2021-08-04 15:21:24,53.8485,42.7676,72.97,45,53,8.19
216,Clyde River,CA,2021-08-04 15:21:24,70.4692,-68.5914,35.83,100,90,4.61
217,Porto Novo,BJ,2021-08-04 15:21:25,6.4965,2.6036,84.02,68,87,13.33
218,San Rafael Del Sur,NI,2021-08-04 15:21:25,11.8485,-86.4384,83.37,63,99,7.72
219,Mount Isa,AU,2021-08-04 15:21:25,-20.7333,139.5,55.17,33,4,11.5
220,Harper,LR,2021-08-04 15:21:26,4.375,-7.7169,79.3,78,95,11.01
221,Yaan,NG,2021-08-04 15:21:26,7.3833,8.5667,83.8,67,89,8.03
222,Manavalakurichi,IN,2021-08-04 15:21:27,8.1333,77.3,80.69,77,76,17.85
223,Vostok,RU,2021-08-04 15:21:27,46.4856,135.8833,63.79,95,48,4.9
224,Egvekinot,RU,2021-08-04 15:21:27,66.3167,-179.1667,48.65,93,100,8.3
225,Lingdong,CN,2021-08-04 15:21:27,46.5669,131.1453,75.24,71,99,7.4
226,Edson,CA,2021-08-04 15:19:42,53.5835,-116.4356,59.14,94,20,3.44
227,Saskylakh,RU,2021-08-04 15:21:28,71.9167,114.0833,55.06,55,90,8.61
228,Meylan,FR,2021-08-04 15:21:28,45.2199,5.7901,67.3,98,100,2.73
229,Richards Bay,ZA,2021-08-04 15:21:29,-28.783,32.0377,70.2,68,0,12.71
230,Bairiki,KI,2021-08-04 15:21:29,1.3292,172.9752,77.0,88,40,2.3
231,Tura,IN,2021-08-04 15:21:29,25.5198,90.2201,76.44,94,100,2.64
232,Gorontalo,ID,2021-08-04 15:21:30,0.5412,123.0595,76.86,90,96,5.17
233,Poum,NC,2021-08-04 15:21:30,-20.2333,164.0167,70.86,71,99,7.83
234,Carberry,CA,2021-08-04 15:21:30,49.8689,-99.3602,73.65,29,100,3.89
235,Kastamonu,TR,2021-08-04 15:21:31,41.5,33.6667,84.22,44,1,12.37
236,Funadhoo,MV,2021-08-04 15:21:31,6.15,73.2667,83.07,76,93,10.13
237,Tateyama,JP,2021-08-04 15:21:32,34.9833,139.8667,80.98,84,1,2.55
238,Tiarei,PF,2021-08-04 15:21:33,-17.5333,-149.3333,77.02,80,76,11.56
239,Bengkulu,ID,2021-08-04 15:21:33,-3.8004,102.2655,76.68,90,92,6.15
240,Mangaratiba,BR,2021-08-04 15:21:34,-22.9597,-44.0406,76.06,63,4,6.49
241,Two Rivers,US,2021-08-04 15:21:34,44.1539,-87.5693,79.29,65,1,4.61
242,Roald,NO,2021-08-04 15:21:35,62.5833,6.1333,66.11,63,40,9.22
243,Shahr-E Babak,IR,2021-08-04 15:21:35,30.1165,55.1186,82.96,22,67,16.51
244,Kahului,US,2021-08-04 15:17:39,20.8947,-156.47,76.84,79,1,11.5
245,Juneau,US,2021-08-04 15:21:35,58.3019,-134.4197,59.85,96,90,5.01
246,Darhan,MN,2021-08-04 15:21:36,49.4867,105.9228,62.28,69,95,2.86
247,Taiping,MY,2021-08-04 15:21:36,4.85,100.7333,80.8,94,96,2.44
248,Polunochnoye,RU,2021-08-04 15:21:37,60.8697,60.4153,68.18,95,97,2.86
249,Megion,RU,2021-08-04 15:21:37,61.0296,76.1136,59.02,74,84,5.97
250,Doctor Juan Leon Mallorquin,PY,2021-08-04 15:21:37,-25.4,-55.2667,67.73,37,57,3.8
251,Kaitangata,NZ,2021-08-04 15:21:38,-46.2817,169.8464,39.02,90,100,8.68
252,Kudahuvadhoo,MV,2021-08-04 15:21:16,2.6708,72.8944,82.45,71,100,2.3
253,Chapais,CA,2021-08-04 15:21:38,49.7834,-74.8492,62.38,40,10,4.41
254,Port Lincoln,AU,2021-08-04 15:21:39,-34.7333,135.8667,55.22,74,99,9.89
255,Caravelas,BR,2021-08-04 15:21:39,-17.7125,-39.2481,73.98,72,98,10.87
256,Chuy,UY,2021-08-04 15:21:39,-33.6971,-53.4616,57.88,66,40,3.8
257,Nome,US,2021-08-04 15:21:40,64.5011,-165.4064,64.47,60,1,5.75
258,Toora-Khem,RU,2021-08-04 15:21:40,52.4675,96.11,57.24,89,98,1.54
259,Oksfjord,NO,2021-08-04 15:21:40,70.2396,22.3479,54.0,75,90,10.22
260,Omsukchan,RU,2021-08-04 15:21:41,62.5333,155.8,32.16,99,100,2.53
261,Yulara,AU,2021-08-04 15:21:41,-25.2406,130.9889,48.04,46,0,8.05
262,Torbay,CA,2021-08-04 15:17:18,47.6666,-52.7314,75.88,57,75,27.63
263,Hongjiang,CN,2021-08-04 15:21:42,27.11,109.9956,78.69,77,0,2.71
264,Le Port,RE,2021-08-04 15:21:42,-20.9373,55.2919,69.8,76,53,4.52
265,Komsomolskiy,UZ,2021-08-04 15:21:43,40.4272,71.7189,86.72,25,73,9.22
266,Tecoanapa,MX,2021-08-04 15:21:43,16.5167,-98.75,79.56,82,100,3.62
267,Vestmannaeyjar,IS,2021-08-04 15:21:43,63.4427,-20.2734,58.19,88,90,9.22
268,Flinders,AU,2021-08-04 15:21:43,-34.5833,150.8552,54.68,66,4,4.0
269,Port Elizabeth,ZA,2021-08-04 15:21:19,-33.918,25.5701,62.1,94,40,12.66
270,Mian Channun,PK,2021-08-04 15:21:44,30.44,72.3543,88.86,60,81,7.07
271,Pallisa,UG,2021-08-04 15:21:44,1.145,33.7094,78.78,49,84,6.24
272,De-Kastri,RU,2021-08-04 15:21:45,51.4667,140.7833,56.93,99,100,4.14
273,Mackenzie,CA,2021-08-04 15:21:46,55.2999,-123.1698,61.02,77,1,4.61
274,Walvis Bay,NA,2021-08-04 15:21:46,-22.9575,14.5053,68.95,60,23,10.36
275,Kavaratti,IN,2021-08-04 15:21:46,10.5669,72.642,82.36,82,100,13.6
276,Vaitape,PF,2021-08-04 15:19:49,-16.5167,-151.75,79.0,75,56,11.61
277,Vila Franca Do Campo,PT,2021-08-04 15:21:21,37.7167,-25.4333,79.21,62,0,4.0
278,San Quintin,MX,2021-08-04 15:21:47,30.4833,-115.95,70.95,78,8,11.54
279,Alushta,UA,2021-08-04 15:21:47,44.6667,34.4167,81.23,68,54,1.25
280,Ilulissat,GL,2021-08-04 15:21:48,69.2167,-51.1,50.02,71,1,4.61
281,Salym,RU,2021-08-04 15:21:48,60.0625,71.4789,64.8,74,100,2.93
282,Moyale,KE,2021-08-04 15:21:48,3.5167,39.0584,77.47,40,99,13.58
283,Toyoake,JP,2021-08-04 15:21:49,35.0594,137.0137,83.05,80,1,3.74
284,Deputatskiy,RU,2021-08-04 15:21:49,69.3,139.9,40.28,66,33,4.09
285,Maceio,BR,2021-08-04 15:21:50,-9.6658,-35.7353,78.24,73,75,14.97
286,Teya,RU,2021-08-04 15:21:50,60.3778,92.6267,64.54,72,81,2.84
287,Faya,SA,2021-08-04 15:21:51,18.3851,42.4509,77.11,48,80,9.91
288,Limon,CR,2021-08-04 15:21:51,10.0,-83.0333,76.89,94,75,4.61
289,Port Macquarie,AU,2021-08-04 15:21:51,-31.4333,152.9167,51.76,58,0,11.92
290,Kirillov,RU,2021-08-04 15:21:51,59.863,38.3813,67.93,39,9,6.98
291,Kualakapuas,ID,2021-08-04 15:21:52,-3.0091,114.3876,78.96,87,100,4.18
292,Klaksvik,FO,2021-08-04 15:21:52,62.2266,-6.589,58.12,92,85,12.8
293,Padang,ID,2021-08-04 15:20:00,-0.9492,100.3543,77.05,86,96,3.8
294,Harer,ET,2021-08-04 15:21:52,9.3094,42.1258,66.85,65,65,7.81
295,Dhidhdhoo,MV,2021-08-04 15:21:53,6.8833,73.1,83.07,77,100,10.85
296,College,US,2021-08-04 15:18:23,64.8569,-147.8028,62.58,68,20,9.22
297,Fergus,US,2021-08-04 15:19:30,47.3,-109.2674,76.14,25,0,6.76
298,Huruta,ET,2021-08-04 15:21:54,8.15,39.35,64.17,82,88,1.12
299,Traiguen,CL,2021-08-04 15:21:54,-38.25,-72.6833,57.69,59,32,4.07
300,Verkhoyansk,RU,2021-08-04 15:21:55,67.5447,133.385,51.98,50,54,5.77
301,Benghazi,LY,2021-08-04 15:21:55,32.1167,20.0667,89.89,57,0,21.09
302,Arauco,CL,2021-08-04 15:21:55,-37.2463,-73.3175,50.02,62,7,5.35
303,Korla,CN,2021-08-04 15:21:56,41.7597,86.1469,88.99,17,100,6.2
304,Yinchuan,CN,2021-08-04 15:21:56,38.4681,106.2731,78.98,24,6,13.49
305,Naze,JP,2021-08-04 15:21:56,28.3667,129.4833,78.28,88,100,16.4
306,Port-Gentil,GA,2021-08-04 15:21:57,-0.7193,8.7815,80.56,74,40,14.97
307,Kedrovyy,RU,2021-08-04 15:21:57,56.1667,91.8167,61.21,92,69,3.74
308,Cayon,KN,2021-08-04 15:21:58,17.35,-62.7333,87.33,66,20,12.66
309,Grindavik,IS,2021-08-04 15:21:58,63.8424,-22.4338,58.55,82,75,3.44
310,Gat,IL,2021-08-04 15:20:04,31.61,34.7642,97.39,28,0,13.49
311,Sioux Lookout,CA,2021-08-04 15:21:59,50.1001,-91.917,79.18,57,75,6.91
312,Belmonte,BR,2021-08-04 15:21:59,-15.8631,-38.8828,78.8,65,76,11.56
313,Pacific Grove,US,2021-08-04 15:22:00,36.6177,-121.9166,63.25,92,90,3.0
314,Garissa,KE,2021-08-04 15:22:00,-0.4536,39.6401,86.13,37,98,21.72
315,Berovo,MK,2021-08-04 15:20:17,41.7031,22.8578,94.17,16,19,7.27
316,Lorengau,PG,2021-08-04 15:22:00,-2.0226,147.2712,80.15,80,67,0.87
317,Rusape,ZW,2021-08-04 15:22:01,-18.5278,32.1284,64.33,30,0,9.95
318,Road Town,VG,2021-08-04 15:22:01,18.4167,-64.6167,86.2,84,75,11.5
319,Sorong,ID,2021-08-04 15:22:02,-0.8833,131.25,77.63,87,100,4.43
320,Sambava,MG,2021-08-04 15:22:02,-14.2667,50.1667,72.68,72,0,14.67
321,Bantry,IE,2021-08-04 15:22:02,51.6833,-9.45,62.55,70,100,11.3
322,Mogadishu,SO,2021-08-04 15:22:03,2.0371,45.3438,77.09,83,65,17.47
323,Mount Gambier,AU,2021-08-04 15:22:03,-37.8333,140.7667,49.91,100,90,9.22
324,Bajil,YE,2021-08-04 15:22:04,15.0584,43.2851,91.58,54,61,15.46
325,Vila,PT,2021-08-04 15:22:04,42.0304,-8.1588,73.74,58,15,9.24
326,San Matias,BO,2021-08-04 15:22:04,-16.3667,-58.4,86.27,23,100,8.32
327,Anaconda,US,2021-08-04 15:22:05,46.1285,-112.9423,61.79,31,36,2.77
328,Aligudarz,IR,2021-08-04 15:22:05,33.4006,49.6949,76.64,28,86,11.18
329,Ostrovnoy,RU,2021-08-04 15:22:06,68.0531,39.5131,49.91,84,100,15.55
330,Aykhal,RU,2021-08-04 15:22:06,66.0,111.5,61.18,45,4,9.44
331,Izhma,RU,2021-08-04 15:22:06,65.0083,53.9113,72.34,59,100,3.89
332,Heihe,CN,2021-08-04 15:22:07,50.2441,127.4902,64.98,98,100,5.23
333,Nyurba,RU,2021-08-04 15:22:07,63.2842,118.3319,62.56,63,99,2.8
334,Vondrozo,MG,2021-08-04 15:22:07,-22.8167,47.2833,58.42,95,95,2.68
335,Rocha,UY,2021-08-04 15:22:08,-34.4833,-54.3333,60.35,63,18,4.56
336,Vila Velha,BR,2021-08-04 15:22:08,-20.3297,-40.2925,76.96,55,20,17.27
337,Hovd,MN,2021-08-04 15:22:09,48.0056,91.6419,73.42,31,100,11.16
338,Spittal,GB,2021-08-04 15:22:09,51.8689,-4.9425,67.5,63,9,5.01
339,Hambantota,LK,2021-08-04 15:17:14,6.1241,81.1185,80.42,81,89,21.77
340,Turkistan,KZ,2021-08-04 15:22:10,43.0,68.0,91.49,15,0,13.89
341,Elizabeth City,US,2021-08-04 15:22:10,36.2946,-76.2511,71.65,97,90,16.11
342,Fort Nelson,CA,2021-08-04 15:22:10,58.8053,-122.7002,58.59,94,90,3.44
343,Khuzhir,RU,2021-08-04 15:22:11,53.1939,107.3397,59.4,76,66,8.08
344,Moerai,PF,2021-08-04 15:21:11,-22.4333,-151.3333,74.55,84,96,9.33
345,Adrar,MR,2021-08-04 15:22:11,20.5022,-10.0711,107.17,11,11,13.38
346,Smithers,CA,2021-08-04 15:22:11,54.7804,-127.1743,61.12,77,75,5.75
347,Dalianwan,CN,2021-08-04 15:22:12,39.0286,121.695,80.73,83,0,6.71
348,Souillac,MU,2021-08-04 15:22:12,-20.5167,57.5167,70.18,73,75,17.27
349,Namibe,AO,2021-08-04 15:20:51,-15.1961,12.1522,76.93,50,3,17.25
350,Saint-Augustin,CA,2021-08-04 15:22:12,51.226,-58.6502,66.67,48,26,13.8
351,Aswan,EG,2021-08-04 15:22:13,24.0934,32.907,110.5,11,0,17.27
352,Ivybridge,GB,2021-08-04 15:19:46,50.3904,-3.9191,71.96,69,49,10.04
353,Mahebourg,MU,2021-08-04 15:22:13,-20.4081,57.7,70.09,73,75,17.27
354,Andenes,NO,2021-08-04 15:22:14,69.3143,16.1194,55.08,93,75,10.36
355,Lethem,GY,2021-08-04 15:22:14,3.3803,-59.7968,81.37,75,93,6.42
356,Durres,AL,2021-08-04 15:22:14,41.3231,19.4414,96.98,51,32,3.18
357,Barra,BR,2021-08-04 15:22:15,-11.0894,-43.1417,81.99,37,1,5.08
358,Bridgewater,CA,2021-08-04 15:20:03,44.3835,-64.5155,75.67,75,99,4.0
359,Toowoomba,AU,2021-08-04 15:22:15,-27.55,151.9667,44.83,87,2,4.0
360,Vao,NC,2021-08-04 15:22:16,-22.6667,167.4833,69.87,73,43,15.28
361,Hobyo,SO,2021-08-04 15:22:16,5.3505,48.5268,78.58,80,100,26.71
362,Mana,GF,2021-08-04 15:22:16,5.6592,-53.7767,83.7,70,12,2.64
363,Hay River,CA,2021-08-04 15:22:17,60.8156,-115.7999,55.38,58,75,5.75
364,Woodbridge,US,2021-08-04 15:22:17,40.5576,-74.2846,76.19,68,1,1.01
365,Aksakovo,BG,2021-08-04 15:22:17,43.25,27.8167,81.54,90,40,8.05
366,Lata,PT,2021-08-04 15:22:18,40.1629,-8.3327,84.04,56,25,13.27
367,Iqaluit,CA,2021-08-04 15:22:18,63.7506,-68.5145,44.33,87,90,25.99
368,Leningradskiy,RU,2021-08-04 15:22:18,69.3833,178.4167,36.82,98,98,6.06
369,Almaznyy,RU,2021-08-04 15:22:19,48.0448,40.045,84.34,30,38,12.03
370,Yarmouth,US,2021-08-04 15:19:01,41.7057,-70.2286,75.45,82,20,1.01
371,Coihaique,CL,2021-08-04 15:18:40,-45.5752,-72.0662,38.01,86,0,5.75
372,Trelew,AR,2021-08-04 15:22:19,-43.249,-65.3051,62.53,39,5,19.6
373,Sinnamary,GF,2021-08-04 15:22:20,5.3833,-52.95,84.04,67,7,1.9
374,Ucluelet,CA,2021-08-04 15:21:20,48.9329,-125.5528,67.08,93,85,2.55
375,Luganville,VU,2021-08-04 15:22:20,-15.5333,167.1667,73.4,82,45,5.21
376,Meulaboh,ID,2021-08-04 15:22:20,4.1363,96.1285,78.24,85,85,4.79
377,Sikeston,US,2021-08-04 15:22:21,36.8767,-89.5879,78.73,57,1,5.75
378,Ahipara,NZ,2021-08-04 15:22:21,-35.1667,173.1667,57.6,92,100,14.43
379,Alice,US,2021-08-04 15:22:22,27.7523,-98.0697,86.32,86,20,5.75
380,Bima,ID,2021-08-04 15:22:22,-8.4667,118.7167,73.13,94,25,4.25
381,General Salgado,BR,2021-08-04 15:22:22,-20.6483,-50.3606,72.37,28,91,7.67
382,Fort Morgan,US,2021-08-04 15:22:23,40.2503,-103.8,65.8,88,90,6.91
383,Ambilobe,MG,2021-08-04 15:22:23,-13.2,49.05,75.38,64,64,0.94
384,Cadillac,US,2021-08-04 15:22:23,44.2519,-85.4012,74.16,68,1,5.75
385,Rindal,NO,2021-08-04 15:22:24,63.0565,9.2124,62.46,55,100,6.51
386,Bakloh,IN,2021-08-04 15:19:20,32.4667,75.9167,73.36,86,30,1.5
387,Payo,ID,2021-08-04 15:22:24,-3.7508,103.6372,76.95,81,96,2.19
388,Pitimbu,BR,2021-08-04 15:22:25,-7.4706,-34.8086,73.99,75,82,12.57
389,Alta Floresta,BR,2021-08-04 15:22:25,-9.8756,-56.0861,93.02,31,0,6.91
390,San Isidro,PE,2021-08-04 15:22:25,-12.1167,-77.05,63.01,92,90,1.99
391,Mimongo,GA,2021-08-04 15:22:26,-1.6195,11.6068,91.31,31,2,7.02
392,Nkayi,CG,2021-08-04 15:22:26,-4.1841,13.2884,97.5,25,4,5.1
393,Turiacu,BR,2021-08-04 15:22:26,-1.6633,-45.3717,89.85,48,16,2.62
394,Koupela,BF,2021-08-04 15:22:26,12.1794,-0.3517,90.5,48,90,9.08
395,Mulege,MX,2021-08-04 15:22:27,26.8833,-111.9833,86.76,64,86,4.45
396,Kyaikkami,MM,2021-08-04 15:22:27,16.08,97.5675,78.67,86,100,9.01
397,Zemio,CF,2021-08-04 15:22:27,5.0314,25.1361,75.16,83,84,4.0
398,Hibbing,US,2021-08-04 15:19:54,47.4272,-92.9377,76.5,68,1,3.44
399,Callaway,US,2021-08-04 15:22:28,30.153,-85.5699,83.91,80,20,1.99
400,Eyrarbakki,IS,2021-08-04 15:22:28,63.863,-21.1481,58.24,85,94,5.88
401,Coari,BR,2021-08-04 15:22:28,-4.085,-63.1414,90.88,42,43,2.62
402,Brighton,GB,2021-08-04 15:22:29,50.8284,-0.1395,73.9,72,20,1.01
403,Devonport,AU,2021-08-04 15:22:29,-41.1667,146.35,49.98,62,84,11.72
404,Liberia,LR,2021-08-04 15:22:30,6.5,-9.5,83.08,65,99,4.32
405,Tessalit,ML,2021-08-04 15:22:30,20.1986,1.0114,106.65,14,69,7.67
406,Antalaha,MG,2021-08-04 15:22:30,-14.9003,50.2788,70.88,73,0,10.45
407,Jumla,NP,2021-08-04 15:22:31,29.2747,82.1838,64.58,95,100,3.24
408,Ust-Kulom,RU,2021-08-04 15:22:32,61.6864,53.6902,71.71,66,59,3.56
409,Tuatapere,NZ,2021-08-04 15:22:32,-46.1333,167.6833,34.83,83,100,3.24
410,Kochki,RU,2021-08-04 15:22:32,54.3358,80.4806,60.94,83,84,5.93
411,Semporna,MY,2021-08-04 15:22:33,4.4818,118.6112,79.0,84,73,4.88
412,Kerema,PG,2021-08-04 15:22:33,-7.9631,145.7785,75.88,92,78,6.46
413,Broken Hill,AU,2021-08-04 15:22:33,-31.95,141.4333,48.42,85,25,9.35
414,Palu,ID,2021-08-04 15:22:33,-0.8917,119.8707,76.78,95,69,2.89
415,Calama,CL,2021-08-04 15:21:30,-22.4667,-68.9333,66.69,20,0,4.61
416,Alofi,NU,2021-08-04 15:22:34,-19.0595,-169.9187,60.69,94,31,1.14
417,Hanmer Springs,NZ,2021-08-04 15:22:34,-42.5167,172.8167,40.32,66,100,4.14
418,Narsaq,GL,2021-08-04 15:22:34,60.9167,-46.05,50.22,95,100,1.59
419,Awjilah,LY,2021-08-04 15:22:35,29.1081,21.2869,111.18,7,0,16.33
420,Manavgat,TR,2021-08-04 15:22:35,36.7867,31.4431,100.81,50,0,8.79
421,Langxiang,CN,2021-08-04 15:22:35,46.95,128.8833,65.55,97,69,3.47
422,Chepo,PA,2021-08-04 15:22:36,9.1667,-79.1,86.97,72,81,4.27
423,Shelburne,CA,2021-08-04 15:22:36,44.0787,-80.2041,76.68,43,6,6.87
424,Rio Gallegos,AR,2021-08-04 15:22:36,-51.6226,-69.2181,53.65,37,0,25.32
425,Suez,EG,2021-08-04 15:22:37,29.9737,32.5263,103.59,16,0,3.71
426,Lamu,KE,2021-08-04 15:22:37,-2.2717,40.902,77.22,78,3,12.88
427,Manggar,ID,2021-08-04 15:22:37,-2.8833,108.2667,82.36,76,71,10.33
428,Killybegs,IE,2021-08-04 15:22:38,54.6333,-8.45,65.44,66,96,6.33
429,Ancud,CL,2021-08-04 15:22:38,-41.8697,-73.8203,55.42,73,100,6.06
430,Saint-Francois,FR,2021-08-04 15:22:38,46.4154,3.9054,73.67,67,40,3.44
431,Kenai,US,2021-08-04 15:22:38,60.5544,-151.2583,54.09,93,40,0.0
432,Katobu,ID,2021-08-04 15:22:39,-4.9408,122.5276,74.5,88,100,4.81
433,Isangel,VU,2021-08-04 15:22:39,-19.55,169.2667,67.73,72,70,3.4
434,Kankan,GN,2021-08-04 15:22:39,10.3854,-9.3057,77.04,89,92,8.28
435,Kysyl-Syr,RU,2021-08-04 15:22:40,63.8986,122.7617,63.93,54,100,3.89
436,Ugoofaaru,MV,2021-08-04 15:22:40,5.6667,73.0,83.07,76,100,8.63
437,Bandarbeyla,SO,2021-08-04 15:21:06,9.4942,50.8122,78.08,79,10,31.29
438,Kununurra,AU,2021-08-04 15:22:40,-15.7667,128.7333,76.98,23,15,5.75
439,Biu,NG,2021-08-04 15:22:41,10.6129,12.1946,79.48,66,93,1.88
440,Guarapuava,BR,2021-08-04 15:22:41,-25.3953,-51.4581,62.06,40,36,6.13
441,Kloulklubed,PW,2021-08-04 15:22:41,7.0419,134.2556,75.7,74,100,7.58
442,Mezen,RU,2021-08-04 15:22:42,65.8522,44.24,61.05,57,72,15.21
443,Marawi,PH,2021-08-04 15:22:42,7.9986,124.2928,74.64,90,97,5.61
444,Honiara,SB,2021-08-04 15:22:42,-9.4333,159.95,75.38,88,40,3.65
445,Muros,ES,2021-08-04 15:22:43,42.7762,-9.0603,78.15,67,49,7.96
446,Zeya,RU,2021-08-04 15:22:43,53.75,127.2667,58.93,92,96,3.69
447,Birao,CF,2021-08-04 15:22:43,10.2849,22.7882,83.52,72,76,3.15
448,Torrington,US,2021-08-04 15:22:44,41.8007,-73.1212,72.63,75,100,1.01
449,Kaputa,ZM,2021-08-04 15:22:44,-8.4689,29.6619,80.42,34,2,4.18
450,Peniche,PT,2021-08-04 15:18:09,39.3558,-9.3811,84.15,77,81,12.5
451,Brae,GB,2021-08-04 15:22:44,60.3964,-1.353,60.71,75,100,8.34
452,Sharjah,AE,2021-08-04 15:18:19,25.3573,55.4033,98.76,51,0,5.75
453,Susaki,JP,2021-08-04 15:22:45,33.3667,133.2833,77.59,93,16,3.13
454,Shu,KZ,2021-08-04 15:22:45,43.5983,73.7614,87.57,24,6,16.67
455,Sabha,LY,2021-08-04 15:22:46,27.0377,14.4283,106.88,7,0,11.1
456,Dod Ballapur,IN,2021-08-04 15:22:46,13.2919,77.5431,73.42,70,56,14.94
457,Albanel,CA,2021-08-04 15:22:46,48.8832,-72.4487,64.38,52,0,4.61
458,San Patricio,US,2021-08-04 15:22:47,28.017,-97.5169,86.09,64,82,2.98
459,Neiafu,TO,2021-08-04 15:22:47,-18.65,-173.9833,57.88,100,20,0.0
460,Minnedosa,CA,2021-08-04 15:22:48,50.2453,-99.8436,68.56,38,100,10.65
461,Srednekolymsk,RU,2021-08-04 15:22:48,67.45,153.6833,37.44,94,100,8.72
462,Baykit,RU,2021-08-04 15:22:48,61.67,96.37,65.17,69,65,4.34
463,Gonda,IN,2021-08-04 15:22:49,27.1333,81.9333,82.96,78,100,4.38
464,Esmeraldas,BR,2021-08-04 15:22:49,-19.7625,-44.3139,72.46,42,100,10.96
465,San Jose,US,2021-08-04 15:18:02,37.3394,-121.895,64.53,80,90,1.99
466,Santa Cruz Del Norte,CU,2021-08-04 15:22:49,23.1539,-81.9236,86.61,72,51,6.96
467,Lianran,CN,2021-08-04 15:22:50,24.9227,102.485,68.54,78,37,2.73
468,Presidencia Roque Saenz Pena,AR,2021-08-04 15:22:50,-26.7852,-60.4388,65.16,41,100,3.74
469,Hampton,US,2021-08-04 15:21:12,37.0299,-76.3452,71.22,92,75,12.66
470,Yar-Sale,RU,2021-08-04 15:22:51,66.8333,70.8333,67.55,68,34,3.44
471,Lucea,JM,2021-08-04 15:22:51,18.451,-78.1736,85.86,64,79,3.87
472,Nago,JP,2021-08-04 15:22:51,26.5881,127.9761,82.56,92,90,25.37
473,Golub-Dobrzyn,PL,2021-08-04 15:22:52,53.1109,19.0538,73.4,68,78,7.07
474,Umm Bab,QA,2021-08-04 15:22:52,25.2142,50.8072,107.28,33,3,14.27
475,Gatesville,US,2021-08-04 15:22:53,31.4352,-97.7439,83.3,79,20,7.27
476,Paragominas,BR,2021-08-04 15:22:53,-2.9667,-47.4833,93.67,33,67,3.11
477,Venice,US,2021-08-04 15:22:53,27.0998,-82.4543,83.23,96,20,5.99
478,Stornoway,GB,2021-08-04 15:22:54,58.2093,-6.3865,61.93,88,75,14.97
479,Jalu,LY,2021-08-04 15:22:54,29.0331,21.5482,111.27,7,0,17.92
480,Mednogorskiy,RU,2021-08-04 15:22:55,43.9178,41.1825,73.04,81,68,1.01
481,Jacareacanga,BR,2021-08-04 15:22:55,-6.2222,-57.7528,95.14,23,4,3.51
482,Avera,US,2021-08-04 15:22:55,33.194,-82.5271,78.75,62,24,7.23
483,Port Moresby,PG,2021-08-04 15:22:56,-9.4431,147.1797,75.38,89,99,10.98
484,Carrollton,US,2021-08-04 15:18:06,32.9537,-96.8903,84.49,68,40,1.01
485,Matara,LK,2021-08-04 15:22:56,5.9485,80.5353,78.98,87,95,11.9
486,Lokoja,NG,2021-08-04 15:22:57,7.8024,6.743,85.46,69,95,6.58
487,Ecija,ES,2021-08-04 15:22:57,37.5422,-5.0826,98.74,17,46,8.08
488,Evensk,RU,2021-08-04 15:22:57,61.95,159.2333,44.1,70,95,9.01
489,Havre-Saint-Pierre,CA,2021-08-04 15:22:57,50.2334,-63.5986,62.96,63,1,14.97
490,Osa,RU,2021-08-04 15:22:58,57.2829,55.4567,78.17,70,81,0.81
491,Buala,SB,2021-08-04 15:22:58,-8.145,159.5921,78.67,84,52,5.59
492,Champerico,GT,2021-08-04 15:22:58,14.3,-91.9167,87.28,80,94,10.96
493,Shenjiamen,CN,2021-08-04 15:22:59,29.9576,122.298,79.99,91,96,13.96
494,Alice Springs,AU,2021-08-04 15:19:19,-23.7,133.8833,40.55,56,0,4.61
495,San Vicente,AR,2021-08-04 15:22:59,-26.6167,-54.1333,70.59,29,0,3.0
496,Brownwood,US,2021-08-04 15:22:59,31.7093,-98.9912,83.52,52,2,6.17
497,Cam Ranh,VN,2021-08-04 15:23:00,11.9214,109.1591,85.96,70,40,13.8
498,Gornopravdinsk,RU,2021-08-04 15:23:00,60.05,69.9,66.58,68,72,1.86
499,Tilichiki,RU,2021-08-04 15:23:01,60.4667,166.1,40.03,92,100,7.09
500,Severnyy,RU,2021-08-04 15:23:01,50.677,36.5532,78.84,34,0,6.71
501,Lagunas,PE,2021-08-04 15:23:01,-5.2269,-75.6753,84.06,42,11,2.82
502,Port Said,EG,2021-08-04 15:23:01,31.2565,32.2841,91.38,75,0,11.5
503,Saint-Pierre,RE,2021-08-04 15:23:02,-21.3393,55.4781,69.48,73,75,23.02
504,Miles City,US,2021-08-04 15:23:02,46.4083,-105.8406,74.37,56,1,6.91
505,Saint-Joseph,RE,2021-08-04 15:23:03,-21.3667,55.6167,68.38,77,60,18.37
506,Aksarka,RU,2021-08-04 15:23:03,66.5606,67.7975,70.29,63,31,6.35
507,Chokwe,MZ,2021-08-04 15:23:04,-24.5333,32.9833,75.94,37,2,5.14
508,Marzuq,YE,2021-08-04 15:23:04,14.4,46.4667,87.35,51,71,11.63
509,Kupang,ID,2021-08-04 15:23:04,-10.1667,123.5833,76.98,80,14,12.75
510,Nuuk,GL,2021-08-04 15:23:05,64.1835,-51.7216,48.06,85,77,4.32
511,Nyrob,RU,2021-08-04 15:23:05,60.733,56.7202,71.46,82,98,2.68
512,Bucarasica,CO,2021-08-04 15:23:05,8.041,-72.8654,72.5,54,86,4.03
513,Cairns,AU,2021-08-04 15:23:05,-16.9167,145.7667,66.15,85,56,5.75
514,Baherden,TM,2021-08-04 15:23:06,38.4362,57.4316,99.54,14,74,11.05
515,Mikumi,TZ,2021-08-04 15:23:06,-7.4041,36.9831,73.8,64,82,4.41
516,Cookeville,US,2021-08-04 15:21:16,36.1628,-85.5016,78.51,50,1,8.05
517,Mackay,AU,2021-08-04 15:23:07,-21.15,149.2,61.05,44,4,14.34
518,Frunze,UA,2021-08-04 15:23:07,48.6686,38.7544,82.92,32,10,9.33
519,Mahajanga,MG,2021-08-04 15:23:07,-15.7167,46.3167,77.02,65,40,4.61
520,Taraz,KZ,2021-08-04 15:23:08,42.9,71.3667,84.61,23,40,4.47
521,Iwaki,JP,2021-08-04 15:23:08,37.05,140.8833,80.24,91,13,6.38
522,Leirvik,NO,2021-08-04 15:23:09,59.7798,5.5005,72.01,49,20,4.61
523,Churapcha,RU,2021-08-04 15:23:09,62.0025,132.4325,58.82,52,7,0.49
524,Tshikapa,CD,2021-08-04 15:23:09,-6.4167,20.8,98.67,12,0,2.48
525,Taseyevo,RU,2021-08-04 15:23:09,57.2169,94.8978,64.74,79,88,0.11
526,Niltepec,MX,2021-08-04 15:23:10,16.5667,-94.6167,80.74,81,100,2.59
527,Pointe Michel,DM,2021-08-04 15:23:11,15.25,-61.3833,84.49,83,20,3.44
528,Ereymentau,KZ,2021-08-04 15:23:13,51.6199,73.1033,68.07,52,74,7.27
529,Maniitsoq,GL,2021-08-04 15:23:13,65.4167,-52.9,44.2,92,81,2.15
530,Santa Rosa,PH,2021-08-04 15:23:13,14.3122,121.1114,83.1,81,81,10.13
531,Geraldton,AU,2021-08-04 15:19:20,-28.7667,114.6,45.01,87,0,6.91
532,San Juan,AR,2021-08-04 15:23:14,-31.5375,-68.5364,65.79,21,0,4.74
533,Luba,GQ,2021-08-04 15:23:14,3.4568,8.5547,85.89,86,64,12.57
534,San Policarpo,PH,2021-08-04 15:23:15,12.1791,125.5072,81.5,75,100,7.36
535,Sayyan,YE,2021-08-04 15:23:15,15.1718,44.3244,70.93,44,77,7.2
536,Kattivakkam,IN,2021-08-04 15:23:15,13.2167,80.3167,91.49,62,100,10.92
537,Ponta Delgada,PT,2021-08-04 15:23:16,37.7333,-25.6667,79.52,61,40,14.97
538,Nizip,TR,2021-08-04 15:23:16,37.0097,37.7942,104.13,11,3,8.34
539,Carmona,PH,2021-08-04 15:23:16,14.3,121.0167,81.66,81,79,11.05
540,Antofagasta,CL,2021-08-04 15:18:21,-23.65,-70.4,65.21,61,3,5.66
541,Clarence Town,AU,2021-08-04 15:23:17,-32.5833,151.7833,53.62,67,0,11.07
